Row,intercept,V,Vsquared,Bodylength
heel contact,0.301196329776449,0.073230578222444,0,0
max. stance,-0.0944566916330546,0,-0.00496253780961897,0
min. stance,0.0418350364962949,0,0.00435602070473716,0
max. dy/dx swing,0,0,0,0
max. swing,-0.783686381656054,0.224573207886829,-0.0263202631395512,0
min. dy/dx swing,0,0,0,0
