Row,intercept,V,Vsquared,Bodylength
heel contact,-3.58086859322526,0,0,1.97723252599292
max. stance,0,0,0,0
min. stance,0,0,0,0
max. dy/dx swing,3.27632585998105,0,0,0
max. swing,0,0,0,0
min. dy/dx swing,-0.445590952093214,0,-0.0318891292444992,-1.69607574421838
