Row,intercept,V,Vsquared,Bodylength
heel contact,1,0,0,0
max. stance,17.1030510967019,0,0,0
min. stance,48.5421714703001,-0.998054553796087,0,0
max. dy/dx swing,68.947463544566,-6.09610484201464,0.610869922842218,5.96712785564749
max. swing,85.8157733649391,-4.48022412485843,0.518828720666241,0
min. dy/dx swing,92.4891491245466,0,0,0
