Row,intercept,V,Vsquared,Bodylength
heel contact,31.5945587147394,-4.31133518664817,0.494138323048562,-13.0496328031808
max. stance,5.99480053799395,3.02815036629104,0,0
min. stance,-10.0373293324316,0,0,7.59432693635493
max. dy/dx swing,29.6178225926745,3.80279121571835,-0.486270388126734,0
max. swing,38.1104252240651,9.74368744042719,-1.10481400229116,0
min. dy/dx swing,24.630635702074,-0.967374698381683,0,0
